{
  "mae_sj": 21.21976801689635,
  "mae_iq": 7.707225262832183
}