{
  "mae_sj": 20.696544424016427,
  "mae_iq": 7.740665536660415
}